<?xml version="1.0" encoding="UTF-8"?>
<deploy
 date="2025.05.15.15:09:01"
 outputDirectory="C:/Users/admin/Desktop/Quartus/D2_Prg4/ArmCyclone/">
 <perimeter>
  <parameter
     name="AUTO_GENERATION_ID"
     type="Integer"
     defaultValue="0"
     onHdl="0"
     affectsHdl="1" />
  <parameter
     name="AUTO_UNIQUE_ID"
     type="String"
     defaultValue=""
     onHdl="0"
     affectsHdl="1" />
  <parameter
     name="AUTO_DEVICE_FAMILY"
     type="String"
     defaultValue="Cyclone V"
     onHdl="0"
     affectsHdl="1" />
  <parameter
     name="AUTO_DEVICE"
     type="String"
     defaultValue="5CSEMA5F31C6"
     onHdl="0"
     affectsHdl="1" />
  <parameter
     name="AUTO_DEVICE_SPEEDGRADE"
     type="String"
     defaultValue="6"
     onHdl="0"
     affectsHdl="1" />
  <parameter
     name="AUTO_CLK_CLOCK_RATE"
     type="Long"
     defaultValue="-1"
     onHdl="0"
     affectsHdl="1" />
  <parameter
     name="AUTO_CLK_CLOCK_DOMAIN"
     type="Integer"
     defaultValue="-1"
     onHdl="0"
     affectsHdl="1" />
  <parameter
     name="AUTO_CLK_RESET_DOMAIN"
     type="Integer"
     defaultValue="-1"
     onHdl="0"
     affectsHdl="1" />
  <interface name="clk" kind="clock" start="0">
   <property name="clockRate" value="50000000" />
   <property name="externallyDriven" value="false" />
   <property name="ptfSchematicName" value="" />
   <port name="clk_clk" direction="input" role="clk" width="1" />
  </interface>
  <interface name="reset" kind="reset" start="0">
   <property name="associatedClock" value="" />
   <property name="synchronousEdges" value="NONE" />
   <port name="reset_reset_n" direction="input" role="reset_n" width="1" />
  </interface>
 </perimeter>
 <entity
   path=""
   parameterizationKey="ArmCyclone:1.0:AUTO_CLK_CLOCK_DOMAIN=-1,AUTO_CLK_CLOCK_RATE=-1,AUTO_CLK_RESET_DOMAIN=-1,AUTO_DEVICE=5CSEMA5F31C6,AUTO_DEVICE_FAMILY=Cyclone V,AUTO_DEVICE_SPEEDGRADE=6,AUTO_GENERATION_ID=1747301941,AUTO_UNIQUE_ID=(clock_source:24.1:clockFrequency=50000000,clockFrequencyKnown=true,inputClockFrequency=0,resetSynchronousEdges=NONE)(altera_gmii_to_rgmii_adapter:24.1:AUTO_DEVICE=5CSEMA5F31C6,AUTO_DEVICE_SPEEDGRADE=6,DEVICE_FAMILY=Cyclone V,RX_PIPELINE_DEPTH=0,TX_PIPELINE_DEPTH=0(altera_gmii_to_rgmii_adapter_core:24.1:DEVICE_FAMILY=Cyclone V,RX_PIPELINE_DEPTH=0,TX_PIPELINE_DEPTH=0,USE_ALTGPIO=0))(altera_avalon_jtag_uart:24.1:FIFO_WIDTH=8,HEX_READ_DEPTH_STR=64,HEX_WRITE_DEPTH_STR=64,RD_WIDTHU=6,WR_WIDTHU=6,allowMultipleConnections=false,avalonSpec=2.0,clkFreq=50000000,enableInteractiveInput=false,enableInteractiveOutput=false,hubInstanceID=0,legacySignalAllow=false,printingMethod=false,readBufferDepth=64,readIRQThreshold=8,read_le=ON,simInputCharacterStream=,simInteractiveOptions=NO_INTERACTIVE_WINDOWS,useRegistersForReadBuffer=false,useRegistersForWriteBuffer=false,useRelativePathForSimFile=false,writeBufferDepth=64,writeIRQThreshold=8,write_le=ON)(clock:24.1:)(clock:24.1:)(clock:24.1:)(clock:24.1:)(reset:24.1:)(reset:24.1:)"
   instancePathKey="ArmCyclone"
   kind="ArmCyclone"
   version="1.0"
   name="ArmCyclone">
  <parameter name="AUTO_CLK_CLOCK_RATE" value="-1" />
  <parameter name="AUTO_GENERATION_ID" value="1747301941" />
  <parameter name="AUTO_DEVICE" value="5CSEMA5F31C6" />
  <parameter name="AUTO_DEVICE_FAMILY" value="Cyclone V" />
  <parameter name="AUTO_CLK_RESET_DOMAIN" value="-1" />
  <parameter name="AUTO_CLK_CLOCK_DOMAIN" value="-1" />
  <parameter name="AUTO_UNIQUE_ID" value="" />
  <parameter name="AUTO_DEVICE_SPEEDGRADE" value="6" />
  <generatedFiles>
   <file
       path="C:/Users/admin/Desktop/Quartus/D2_Prg4/ArmCyclone/synthesis/ArmCyclone.v"
       type="VERILOG" />
  </generatedFiles>
  <childGeneratedFiles>
   <file
       path="C:/Users/admin/Desktop/Quartus/D2_Prg4/ArmCyclone/synthesis/submodules/ArmCyclone_gmii_to_rgmii_adapter_0.v"
       type="VERILOG" />
   <file
       path="C:/Users/admin/Desktop/Quartus/D2_Prg4/ArmCyclone/synthesis/submodules/altera_gmii_to_rgmii_adapter.v"
       type="VERILOG"
       attributes="TOP_LEVEL_FILE" />
   <file
       path="C:/Users/admin/Desktop/Quartus/D2_Prg4/ArmCyclone/synthesis/submodules/altera_gtr_mac_speed_filter.v"
       type="VERILOG"
       attributes="" />
   <file
       path="C:/Users/admin/Desktop/Quartus/D2_Prg4/ArmCyclone/synthesis/submodules/altera_gtr_pipeline_stage.v"
       type="VERILOG"
       attributes="" />
   <file
       path="C:/Users/admin/Desktop/Quartus/D2_Prg4/ArmCyclone/synthesis/submodules/altera_gtr_rgmii_in1.v"
       type="VERILOG"
       attributes="" />
   <file
       path="C:/Users/admin/Desktop/Quartus/D2_Prg4/ArmCyclone/synthesis/submodules/altera_gtr_rgmii_in4.v"
       type="VERILOG"
       attributes="" />
   <file
       path="C:/Users/admin/Desktop/Quartus/D2_Prg4/ArmCyclone/synthesis/submodules/altera_gtr_rgmii_module.v"
       type="VERILOG"
       attributes="" />
   <file
       path="C:/Users/admin/Desktop/Quartus/D2_Prg4/ArmCyclone/synthesis/submodules/altera_gtr_nf_rgmii_module.v"
       type="VERILOG"
       attributes="" />
   <file
       path="C:/Users/admin/Desktop/Quartus/D2_Prg4/ArmCyclone/synthesis/submodules/altera_gtr_rgmii_out1.v"
       type="VERILOG"
       attributes="" />
   <file
       path="C:/Users/admin/Desktop/Quartus/D2_Prg4/ArmCyclone/synthesis/submodules/altera_gtr_rgmii_out4.v"
       type="VERILOG"
       attributes="" />
   <file
       path="C:/Users/admin/Desktop/Quartus/D2_Prg4/ArmCyclone/synthesis/submodules/altera_gtr_clock_mux.v"
       type="VERILOG"
       attributes="" />
   <file
       path="C:/Users/admin/Desktop/Quartus/D2_Prg4/ArmCyclone/synthesis/submodules/altera_gtr_clock_gate.v"
       type="VERILOG"
       attributes="" />
   <file
       path="C:/Users/admin/Desktop/Quartus/D2_Prg4/ArmCyclone/synthesis/submodules/altera_gtr_reset_synchronizer.v"
       type="VERILOG"
       attributes="" />
   <file
       path="C:/Users/admin/Desktop/Quartus/D2_Prg4/ArmCyclone/synthesis/submodules/altera_avalon_jtag_uart.sv"
       type="SYSTEM_VERILOG"
       attributes="TOP_LEVEL_FILE" />
   <file
       path="C:/Users/admin/Desktop/Quartus/D2_Prg4/ArmCyclone/synthesis/submodules/altera_avalon_jtag_uart_log_module.sv"
       type="SYSTEM_VERILOG"
       attributes="" />
   <file
       path="C:/Users/admin/Desktop/Quartus/D2_Prg4/ArmCyclone/synthesis/submodules/altera_avalon_jtag_uart_scfifo_r.sv"
       type="SYSTEM_VERILOG"
       attributes="" />
   <file
       path="C:/Users/admin/Desktop/Quartus/D2_Prg4/ArmCyclone/synthesis/submodules/altera_avalon_jtag_uart_scfifo_w.sv"
       type="SYSTEM_VERILOG"
       attributes="" />
   <file
       path="C:/Users/admin/Desktop/Quartus/D2_Prg4/ArmCyclone/synthesis/submodules/altera_avalon_jtag_uart_sim_scfifo_r.sv"
       type="SYSTEM_VERILOG"
       attributes="" />
   <file
       path="C:/Users/admin/Desktop/Quartus/D2_Prg4/ArmCyclone/synthesis/submodules/altera_avalon_jtag_uart_sim_scfifo_w.sv"
       type="SYSTEM_VERILOG"
       attributes="" />
   <file
       path="C:/Users/admin/Desktop/Quartus/D2_Prg4/ArmCyclone/synthesis/submodules/altera_reset_controller.v"
       type="VERILOG"
       attributes="" />
   <file
       path="C:/Users/admin/Desktop/Quartus/D2_Prg4/ArmCyclone/synthesis/submodules/altera_reset_synchronizer.v"
       type="VERILOG"
       attributes="" />
   <file
       path="C:/Users/admin/Desktop/Quartus/D2_Prg4/ArmCyclone/synthesis/submodules/altera_reset_controller.sdc"
       type="SDC"
       attributes="" />
  </childGeneratedFiles>
  <sourceFiles>
   <file path="C:/Users/admin/Desktop/Quartus/D2_Prg4/ArmCyclone.qsys" />
  </sourceFiles>
  <childSourceFiles>
   <file
       path="C:/altera_lite/24.1std/ip/altera/altera_gmii_to_rgmii_adapter/altera_gmii_to_rgmii_adapter_wrapper_hw.tcl" />
   <file
       path="C:/altera_lite/24.1std/ip/altera/altera_gmii_to_rgmii_adapter/altera_gmii_to_rgmii_adapter_hw.tcl" />
   <file
       path="C:/altera_lite/24.1std/ip/altera/sopc_builder_ip/altera_avalon_jtag_uart/altera_avalon_jtag_uart_hw.tcl" />
   <file
       path="C:/altera_lite/24.1std/ip/altera/merlin/altera_reset_controller/altera_reset_controller_hw.tcl" />
  </childSourceFiles>
  <messages>
   <message level="Debug" culprit="ArmCyclone">queue size: 0 starting:ArmCyclone "ArmCyclone"</message>
   <message level="Progress" culprit="min"></message>
   <message level="Progress" culprit="max"></message>
   <message level="Progress" culprit="current"></message>
   <message level="Debug">Transform: CustomInstructionTransform</message>
   <message level="Debug">No custom instruction connections, skipping transform </message>
   <message level="Debug" culprit="merlin_custom_instruction_transform"><![CDATA[After transform: <b>3</b> modules, <b>6</b> connections]]></message>
   <message level="Debug">Transform: MMTransform</message>
   <message level="Debug">Transform: InterruptMapperTransform</message>
   <message level="Debug">Transform: InterruptSyncTransform</message>
   <message level="Debug">Transform: InterruptFanoutTransform</message>
   <message level="Debug">Transform: AvalonStreamingTransform</message>
   <message level="Debug">Transform: ResetAdaptation</message>
   <message level="Progress" culprit="min"></message>
   <message level="Progress" culprit="max"></message>
   <message level="Progress" culprit="current"></message>
   <message level="Debug" culprit="reset_adaptation_transform"><![CDATA[After transform: <b>4</b> modules, <b>8</b> connections]]></message>
   <message level="Debug" culprit="ArmCyclone"><![CDATA["<b>ArmCyclone</b>" reuses <b>altera_gmii_to_rgmii_adapter</b> "<b>submodules/ArmCyclone_gmii_to_rgmii_adapter_0</b>"]]></message>
   <message level="Debug" culprit="ArmCyclone"><![CDATA["<b>ArmCyclone</b>" reuses <b>altera_avalon_jtag_uart</b> "<b>submodules/altera_avalon_jtag_uart</b>"]]></message>
   <message level="Debug" culprit="ArmCyclone"><![CDATA["<b>ArmCyclone</b>" reuses <b>altera_reset_controller</b> "<b>submodules/altera_reset_controller</b>"]]></message>
   <message level="Debug" culprit="ArmCyclone">queue size: 2 starting:altera_gmii_to_rgmii_adapter "submodules/ArmCyclone_gmii_to_rgmii_adapter_0"</message>
   <message level="Progress" culprit="min"></message>
   <message level="Progress" culprit="max"></message>
   <message level="Progress" culprit="current"></message>
   <message level="Debug">Transform: CustomInstructionTransform</message>
   <message level="Debug">No custom instruction connections, skipping transform </message>
   <message level="Debug" culprit="merlin_custom_instruction_transform"><![CDATA[After transform: <b>1</b> modules, <b>0</b> connections]]></message>
   <message level="Debug">Transform: MMTransform</message>
   <message level="Debug">Transform: InterruptMapperTransform</message>
   <message level="Debug">Transform: InterruptSyncTransform</message>
   <message level="Debug">Transform: InterruptFanoutTransform</message>
   <message level="Debug">Transform: AvalonStreamingTransform</message>
   <message level="Debug">Transform: ResetAdaptation</message>
   <message level="Debug" culprit="gmii_to_rgmii_adapter_0"><![CDATA["<b>gmii_to_rgmii_adapter_0</b>" reuses <b>altera_gmii_to_rgmii_adapter_core</b> "<b>submodules/altera_gmii_to_rgmii_adapter</b>"]]></message>
   <message level="Info" culprit="gmii_to_rgmii_adapter_0"><![CDATA["<b>ArmCyclone</b>" instantiated <b>altera_gmii_to_rgmii_adapter</b> "<b>gmii_to_rgmii_adapter_0</b>"]]></message>
   <message level="Debug" culprit="ArmCyclone">queue size: 0 starting:altera_gmii_to_rgmii_adapter_core "submodules/altera_gmii_to_rgmii_adapter"</message>
   <message level="Info" culprit="u_altera_gmii_to_rgmii_adapter_core"><![CDATA["<b>gmii_to_rgmii_adapter_0</b>" instantiated <b>altera_gmii_to_rgmii_adapter_core</b> "<b>u_altera_gmii_to_rgmii_adapter_core</b>"]]></message>
   <message level="Debug" culprit="ArmCyclone">queue size: 2 starting:altera_avalon_jtag_uart "submodules/altera_avalon_jtag_uart"</message>
   <message level="Info" culprit="jtag_uart_0"><![CDATA["<b>ArmCyclone</b>" instantiated <b>altera_avalon_jtag_uart</b> "<b>jtag_uart_0</b>"]]></message>
   <message level="Debug" culprit="ArmCyclone">queue size: 1 starting:altera_reset_controller "submodules/altera_reset_controller"</message>
   <message level="Info" culprit="rst_controller"><![CDATA["<b>ArmCyclone</b>" instantiated <b>altera_reset_controller</b> "<b>rst_controller</b>"]]></message>
  </messages>
 </entity>
 <entity
   path="submodules/"
   parameterizationKey="altera_gmii_to_rgmii_adapter:24.1:AUTO_DEVICE=5CSEMA5F31C6,AUTO_DEVICE_SPEEDGRADE=6,DEVICE_FAMILY=Cyclone V,RX_PIPELINE_DEPTH=0,TX_PIPELINE_DEPTH=0(altera_gmii_to_rgmii_adapter_core:24.1:DEVICE_FAMILY=Cyclone V,RX_PIPELINE_DEPTH=0,TX_PIPELINE_DEPTH=0,USE_ALTGPIO=0)"
   instancePathKey="ArmCyclone:.:gmii_to_rgmii_adapter_0"
   kind="altera_gmii_to_rgmii_adapter"
   version="24.1"
   name="ArmCyclone_gmii_to_rgmii_adapter_0">
  <parameter name="AUTO_DEVICE" value="5CSEMA5F31C6" />
  <parameter name="TX_PIPELINE_DEPTH" value="0" />
  <parameter name="DEVICE_FAMILY" value="Cyclone V" />
  <parameter name="RX_PIPELINE_DEPTH" value="0" />
  <parameter name="AUTO_DEVICE_SPEEDGRADE" value="6" />
  <generatedFiles>
   <file
       path="C:/Users/admin/Desktop/Quartus/D2_Prg4/ArmCyclone/synthesis/submodules/ArmCyclone_gmii_to_rgmii_adapter_0.v"
       type="VERILOG" />
  </generatedFiles>
  <childGeneratedFiles>
   <file
       path="C:/Users/admin/Desktop/Quartus/D2_Prg4/ArmCyclone/synthesis/submodules/altera_gmii_to_rgmii_adapter.v"
       type="VERILOG"
       attributes="TOP_LEVEL_FILE" />
   <file
       path="C:/Users/admin/Desktop/Quartus/D2_Prg4/ArmCyclone/synthesis/submodules/altera_gtr_mac_speed_filter.v"
       type="VERILOG"
       attributes="" />
   <file
       path="C:/Users/admin/Desktop/Quartus/D2_Prg4/ArmCyclone/synthesis/submodules/altera_gtr_pipeline_stage.v"
       type="VERILOG"
       attributes="" />
   <file
       path="C:/Users/admin/Desktop/Quartus/D2_Prg4/ArmCyclone/synthesis/submodules/altera_gtr_rgmii_in1.v"
       type="VERILOG"
       attributes="" />
   <file
       path="C:/Users/admin/Desktop/Quartus/D2_Prg4/ArmCyclone/synthesis/submodules/altera_gtr_rgmii_in4.v"
       type="VERILOG"
       attributes="" />
   <file
       path="C:/Users/admin/Desktop/Quartus/D2_Prg4/ArmCyclone/synthesis/submodules/altera_gtr_rgmii_module.v"
       type="VERILOG"
       attributes="" />
   <file
       path="C:/Users/admin/Desktop/Quartus/D2_Prg4/ArmCyclone/synthesis/submodules/altera_gtr_nf_rgmii_module.v"
       type="VERILOG"
       attributes="" />
   <file
       path="C:/Users/admin/Desktop/Quartus/D2_Prg4/ArmCyclone/synthesis/submodules/altera_gtr_rgmii_out1.v"
       type="VERILOG"
       attributes="" />
   <file
       path="C:/Users/admin/Desktop/Quartus/D2_Prg4/ArmCyclone/synthesis/submodules/altera_gtr_rgmii_out4.v"
       type="VERILOG"
       attributes="" />
   <file
       path="C:/Users/admin/Desktop/Quartus/D2_Prg4/ArmCyclone/synthesis/submodules/altera_gtr_clock_mux.v"
       type="VERILOG"
       attributes="" />
   <file
       path="C:/Users/admin/Desktop/Quartus/D2_Prg4/ArmCyclone/synthesis/submodules/altera_gtr_clock_gate.v"
       type="VERILOG"
       attributes="" />
   <file
       path="C:/Users/admin/Desktop/Quartus/D2_Prg4/ArmCyclone/synthesis/submodules/altera_gtr_reset_synchronizer.v"
       type="VERILOG"
       attributes="" />
  </childGeneratedFiles>
  <sourceFiles>
   <file
       path="C:/altera_lite/24.1std/ip/altera/altera_gmii_to_rgmii_adapter/altera_gmii_to_rgmii_adapter_wrapper_hw.tcl" />
  </sourceFiles>
  <childSourceFiles>
   <file
       path="C:/altera_lite/24.1std/ip/altera/altera_gmii_to_rgmii_adapter/altera_gmii_to_rgmii_adapter_hw.tcl" />
  </childSourceFiles>
  <instantiator instantiator="ArmCyclone" as="gmii_to_rgmii_adapter_0" />
  <messages>
   <message level="Debug" culprit="ArmCyclone">queue size: 2 starting:altera_gmii_to_rgmii_adapter "submodules/ArmCyclone_gmii_to_rgmii_adapter_0"</message>
   <message level="Progress" culprit="min"></message>
   <message level="Progress" culprit="max"></message>
   <message level="Progress" culprit="current"></message>
   <message level="Debug">Transform: CustomInstructionTransform</message>
   <message level="Debug">No custom instruction connections, skipping transform </message>
   <message level="Debug" culprit="merlin_custom_instruction_transform"><![CDATA[After transform: <b>1</b> modules, <b>0</b> connections]]></message>
   <message level="Debug">Transform: MMTransform</message>
   <message level="Debug">Transform: InterruptMapperTransform</message>
   <message level="Debug">Transform: InterruptSyncTransform</message>
   <message level="Debug">Transform: InterruptFanoutTransform</message>
   <message level="Debug">Transform: AvalonStreamingTransform</message>
   <message level="Debug">Transform: ResetAdaptation</message>
   <message level="Debug" culprit="gmii_to_rgmii_adapter_0"><![CDATA["<b>gmii_to_rgmii_adapter_0</b>" reuses <b>altera_gmii_to_rgmii_adapter_core</b> "<b>submodules/altera_gmii_to_rgmii_adapter</b>"]]></message>
   <message level="Info" culprit="gmii_to_rgmii_adapter_0"><![CDATA["<b>ArmCyclone</b>" instantiated <b>altera_gmii_to_rgmii_adapter</b> "<b>gmii_to_rgmii_adapter_0</b>"]]></message>
   <message level="Debug" culprit="ArmCyclone">queue size: 0 starting:altera_gmii_to_rgmii_adapter_core "submodules/altera_gmii_to_rgmii_adapter"</message>
   <message level="Info" culprit="u_altera_gmii_to_rgmii_adapter_core"><![CDATA["<b>gmii_to_rgmii_adapter_0</b>" instantiated <b>altera_gmii_to_rgmii_adapter_core</b> "<b>u_altera_gmii_to_rgmii_adapter_core</b>"]]></message>
  </messages>
 </entity>
 <entity
   path="submodules/"
   parameterizationKey="altera_avalon_jtag_uart:24.1:FIFO_WIDTH=8,HEX_READ_DEPTH_STR=64,HEX_WRITE_DEPTH_STR=64,RD_WIDTHU=6,WR_WIDTHU=6,allowMultipleConnections=false,avalonSpec=2.0,clkFreq=50000000,enableInteractiveInput=false,enableInteractiveOutput=false,hubInstanceID=0,legacySignalAllow=false,printingMethod=false,readBufferDepth=64,readIRQThreshold=8,read_le=ON,simInputCharacterStream=,simInteractiveOptions=NO_INTERACTIVE_WINDOWS,useRegistersForReadBuffer=false,useRegistersForWriteBuffer=false,useRelativePathForSimFile=false,writeBufferDepth=64,writeIRQThreshold=8,write_le=ON"
   instancePathKey="ArmCyclone:.:jtag_uart_0"
   kind="altera_avalon_jtag_uart"
   version="24.1"
   name="altera_avalon_jtag_uart">
  <parameter name="readBufferDepth" value="64" />
  <parameter name="clkFreq" value="50000000" />
  <parameter name="useRelativePathForSimFile" value="false" />
  <parameter name="read_le" value="ON" />
  <parameter name="HEX_WRITE_DEPTH_STR" value="64" />
  <parameter name="hubInstanceID" value="0" />
  <parameter name="write_le" value="ON" />
  <parameter name="enableInteractiveInput" value="false" />
  <parameter name="avalonSpec" value="2.0" />
  <parameter name="FIFO_WIDTH" value="8" />
  <parameter name="simInputCharacterStream" value="" />
  <parameter name="readIRQThreshold" value="8" />
  <parameter name="useRegistersForWriteBuffer" value="false" />
  <parameter name="useRegistersForReadBuffer" value="false" />
  <parameter name="simInteractiveOptions" value="NO_INTERACTIVE_WINDOWS" />
  <parameter name="HEX_READ_DEPTH_STR" value="64" />
  <parameter name="enableInteractiveOutput" value="false" />
  <parameter name="writeIRQThreshold" value="8" />
  <parameter name="RD_WIDTHU" value="6" />
  <parameter name="writeBufferDepth" value="64" />
  <parameter name="allowMultipleConnections" value="false" />
  <parameter name="printingMethod" value="false" />
  <parameter name="WR_WIDTHU" value="6" />
  <parameter name="legacySignalAllow" value="false" />
  <generatedFiles>
   <file
       path="C:/Users/admin/Desktop/Quartus/D2_Prg4/ArmCyclone/synthesis/submodules/altera_avalon_jtag_uart.sv"
       type="SYSTEM_VERILOG"
       attributes="TOP_LEVEL_FILE" />
   <file
       path="C:/Users/admin/Desktop/Quartus/D2_Prg4/ArmCyclone/synthesis/submodules/altera_avalon_jtag_uart_log_module.sv"
       type="SYSTEM_VERILOG"
       attributes="" />
   <file
       path="C:/Users/admin/Desktop/Quartus/D2_Prg4/ArmCyclone/synthesis/submodules/altera_avalon_jtag_uart_scfifo_r.sv"
       type="SYSTEM_VERILOG"
       attributes="" />
   <file
       path="C:/Users/admin/Desktop/Quartus/D2_Prg4/ArmCyclone/synthesis/submodules/altera_avalon_jtag_uart_scfifo_w.sv"
       type="SYSTEM_VERILOG"
       attributes="" />
   <file
       path="C:/Users/admin/Desktop/Quartus/D2_Prg4/ArmCyclone/synthesis/submodules/altera_avalon_jtag_uart_sim_scfifo_r.sv"
       type="SYSTEM_VERILOG"
       attributes="" />
   <file
       path="C:/Users/admin/Desktop/Quartus/D2_Prg4/ArmCyclone/synthesis/submodules/altera_avalon_jtag_uart_sim_scfifo_w.sv"
       type="SYSTEM_VERILOG"
       attributes="" />
  </generatedFiles>
  <childGeneratedFiles/>
  <sourceFiles>
   <file
       path="C:/altera_lite/24.1std/ip/altera/sopc_builder_ip/altera_avalon_jtag_uart/altera_avalon_jtag_uart_hw.tcl" />
  </sourceFiles>
  <childSourceFiles/>
  <instantiator instantiator="ArmCyclone" as="jtag_uart_0" />
  <messages>
   <message level="Debug" culprit="ArmCyclone">queue size: 2 starting:altera_avalon_jtag_uart "submodules/altera_avalon_jtag_uart"</message>
   <message level="Info" culprit="jtag_uart_0"><![CDATA["<b>ArmCyclone</b>" instantiated <b>altera_avalon_jtag_uart</b> "<b>jtag_uart_0</b>"]]></message>
  </messages>
 </entity>
 <entity
   path="submodules/"
   parameterizationKey="altera_reset_controller:24.1:ADAPT_RESET_REQUEST=0,MIN_RST_ASSERTION_TIME=3,NUM_RESET_INPUTS=1,OUTPUT_RESET_SYNC_EDGES=deassert,RESET_REQUEST_PRESENT=0,RESET_REQ_EARLY_DSRT_TIME=1,RESET_REQ_WAIT_TIME=1,SYNC_DEPTH=2,USE_RESET_REQUEST_IN0=0,USE_RESET_REQUEST_IN1=0,USE_RESET_REQUEST_IN10=0,USE_RESET_REQUEST_IN11=0,USE_RESET_REQUEST_IN12=0,USE_RESET_REQUEST_IN13=0,USE_RESET_REQUEST_IN14=0,USE_RESET_REQUEST_IN15=0,USE_RESET_REQUEST_IN2=0,USE_RESET_REQUEST_IN3=0,USE_RESET_REQUEST_IN4=0,USE_RESET_REQUEST_IN5=0,USE_RESET_REQUEST_IN6=0,USE_RESET_REQUEST_IN7=0,USE_RESET_REQUEST_IN8=0,USE_RESET_REQUEST_IN9=0,USE_RESET_REQUEST_INPUT=0"
   instancePathKey="ArmCyclone:.:rst_controller"
   kind="altera_reset_controller"
   version="24.1"
   name="altera_reset_controller">
  <generatedFiles>
   <file
       path="C:/Users/admin/Desktop/Quartus/D2_Prg4/ArmCyclone/synthesis/submodules/altera_reset_controller.v"
       type="VERILOG"
       attributes="" />
   <file
       path="C:/Users/admin/Desktop/Quartus/D2_Prg4/ArmCyclone/synthesis/submodules/altera_reset_synchronizer.v"
       type="VERILOG"
       attributes="" />
   <file
       path="C:/Users/admin/Desktop/Quartus/D2_Prg4/ArmCyclone/synthesis/submodules/altera_reset_controller.sdc"
       type="SDC"
       attributes="" />
  </generatedFiles>
  <childGeneratedFiles/>
  <sourceFiles>
   <file
       path="C:/altera_lite/24.1std/ip/altera/merlin/altera_reset_controller/altera_reset_controller_hw.tcl" />
  </sourceFiles>
  <childSourceFiles/>
  <instantiator instantiator="ArmCyclone" as="rst_controller" />
  <messages>
   <message level="Debug" culprit="ArmCyclone">queue size: 1 starting:altera_reset_controller "submodules/altera_reset_controller"</message>
   <message level="Info" culprit="rst_controller"><![CDATA["<b>ArmCyclone</b>" instantiated <b>altera_reset_controller</b> "<b>rst_controller</b>"]]></message>
  </messages>
 </entity>
 <entity
   path="submodules/"
   parameterizationKey="altera_gmii_to_rgmii_adapter_core:24.1:DEVICE_FAMILY=Cyclone V,RX_PIPELINE_DEPTH=0,TX_PIPELINE_DEPTH=0,USE_ALTGPIO=0"
   instancePathKey="ArmCyclone:.:gmii_to_rgmii_adapter_0:.:u_altera_gmii_to_rgmii_adapter_core"
   kind="altera_gmii_to_rgmii_adapter_core"
   version="24.1"
   name="altera_gmii_to_rgmii_adapter">
  <parameter name="TX_PIPELINE_DEPTH" value="0" />
  <parameter name="USE_ALTGPIO" value="0" />
  <parameter name="DEVICE_FAMILY" value="Cyclone V" />
  <parameter name="RX_PIPELINE_DEPTH" value="0" />
  <generatedFiles>
   <file
       path="C:/Users/admin/Desktop/Quartus/D2_Prg4/ArmCyclone/synthesis/submodules/altera_gmii_to_rgmii_adapter.v"
       type="VERILOG"
       attributes="TOP_LEVEL_FILE" />
   <file
       path="C:/Users/admin/Desktop/Quartus/D2_Prg4/ArmCyclone/synthesis/submodules/altera_gtr_mac_speed_filter.v"
       type="VERILOG"
       attributes="" />
   <file
       path="C:/Users/admin/Desktop/Quartus/D2_Prg4/ArmCyclone/synthesis/submodules/altera_gtr_pipeline_stage.v"
       type="VERILOG"
       attributes="" />
   <file
       path="C:/Users/admin/Desktop/Quartus/D2_Prg4/ArmCyclone/synthesis/submodules/altera_gtr_rgmii_in1.v"
       type="VERILOG"
       attributes="" />
   <file
       path="C:/Users/admin/Desktop/Quartus/D2_Prg4/ArmCyclone/synthesis/submodules/altera_gtr_rgmii_in4.v"
       type="VERILOG"
       attributes="" />
   <file
       path="C:/Users/admin/Desktop/Quartus/D2_Prg4/ArmCyclone/synthesis/submodules/altera_gtr_rgmii_module.v"
       type="VERILOG"
       attributes="" />
   <file
       path="C:/Users/admin/Desktop/Quartus/D2_Prg4/ArmCyclone/synthesis/submodules/altera_gtr_nf_rgmii_module.v"
       type="VERILOG"
       attributes="" />
   <file
       path="C:/Users/admin/Desktop/Quartus/D2_Prg4/ArmCyclone/synthesis/submodules/altera_gtr_rgmii_out1.v"
       type="VERILOG"
       attributes="" />
   <file
       path="C:/Users/admin/Desktop/Quartus/D2_Prg4/ArmCyclone/synthesis/submodules/altera_gtr_rgmii_out4.v"
       type="VERILOG"
       attributes="" />
   <file
       path="C:/Users/admin/Desktop/Quartus/D2_Prg4/ArmCyclone/synthesis/submodules/altera_gtr_clock_mux.v"
       type="VERILOG"
       attributes="" />
   <file
       path="C:/Users/admin/Desktop/Quartus/D2_Prg4/ArmCyclone/synthesis/submodules/altera_gtr_clock_gate.v"
       type="VERILOG"
       attributes="" />
   <file
       path="C:/Users/admin/Desktop/Quartus/D2_Prg4/ArmCyclone/synthesis/submodules/altera_gtr_reset_synchronizer.v"
       type="VERILOG"
       attributes="" />
  </generatedFiles>
  <childGeneratedFiles/>
  <sourceFiles>
   <file
       path="C:/altera_lite/24.1std/ip/altera/altera_gmii_to_rgmii_adapter/altera_gmii_to_rgmii_adapter_hw.tcl" />
  </sourceFiles>
  <childSourceFiles/>
  <instantiator
     instantiator="ArmCyclone_gmii_to_rgmii_adapter_0"
     as="u_altera_gmii_to_rgmii_adapter_core" />
  <messages>
   <message level="Debug" culprit="ArmCyclone">queue size: 0 starting:altera_gmii_to_rgmii_adapter_core "submodules/altera_gmii_to_rgmii_adapter"</message>
   <message level="Info" culprit="u_altera_gmii_to_rgmii_adapter_core"><![CDATA["<b>gmii_to_rgmii_adapter_0</b>" instantiated <b>altera_gmii_to_rgmii_adapter_core</b> "<b>u_altera_gmii_to_rgmii_adapter_core</b>"]]></message>
  </messages>
 </entity>
</deploy>
