{
	"partitions" : [
		{
			"name" : "Top",
			"pins" : [
				{
					"name" : "dataout[0]",
					"strict" : false
				},
				{
					"name" : "dataout[1]",
					"strict" : false
				},
				{
					"name" : "dataout[2]",
					"strict" : false
				},
				{
					"name" : "dataout[3]",
					"strict" : false
				},
				{
					"name" : "dataout[4]",
					"strict" : false
				},
				{
					"name" : "dataout[5]",
					"strict" : false
				},
				{
					"name" : "dataout[6]",
					"strict" : false
				},
				{
					"name" : "dataout[7]",
					"strict" : false
				},
				{
					"name" : "dataout[8]",
					"strict" : false
				},
				{
					"name" : "dataout[9]",
					"strict" : false
				},
				{
					"name" : "dataout[10]",
					"strict" : false
				},
				{
					"name" : "dataout[11]",
					"strict" : false
				},
				{
					"name" : "dataout[12]",
					"strict" : false
				},
				{
					"name" : "dataout[13]",
					"strict" : false
				},
				{
					"name" : "dataout[14]",
					"strict" : false
				},
				{
					"name" : "dataout[15]",
					"strict" : false
				},
				{
					"name" : "dataa[0]",
					"strict" : false
				},
				{
					"name" : "dataa[1]",
					"strict" : false
				},
				{
					"name" : "dataa[2]",
					"strict" : false
				},
				{
					"name" : "dataa[3]",
					"strict" : false
				},
				{
					"name" : "dataa[4]",
					"strict" : false
				},
				{
					"name" : "dataa[5]",
					"strict" : false
				},
				{
					"name" : "dataa[6]",
					"strict" : false
				},
				{
					"name" : "dataa[7]",
					"strict" : false
				},
				{
					"name" : "datab[0]",
					"strict" : false
				},
				{
					"name" : "datab[1]",
					"strict" : false
				},
				{
					"name" : "datab[2]",
					"strict" : false
				},
				{
					"name" : "datab[3]",
					"strict" : false
				},
				{
					"name" : "datab[4]",
					"strict" : false
				},
				{
					"name" : "datab[5]",
					"strict" : false
				},
				{
					"name" : "datab[6]",
					"strict" : false
				},
				{
					"name" : "datab[7]",
					"strict" : false
				}
			]
		}
	]
}