{
	"partitions" : [
		{
			"name" : "Top",
			"pins" : [
				{
					"name" : "count[0]",
					"strict" : false
				},
				{
					"name" : "count[1]",
					"strict" : false
				},
				{
					"name" : "count[2]",
					"strict" : false
				},
				{
					"name" : "count[3]",
					"strict" : false
				},
				{
					"name" : "clk",
					"strict" : false
				},
				{
					"name" : "rst",
					"strict" : false
				},
				{
					"name" : "up_down",
					"strict" : false
				}
			]
		}
	]
}